ip,hash
172.217.29.227,9785b113c5ac375c3802eebdb109f504d7f744ed935566eec0405c388dc92889
142.250.218.227,289cb4ee387b68635087f135325d6c1141c6df181b6d665c6260e3f614958fda
216.58.202.163,a03dc187c8f304f3f945b5ade72325970e8ccfa2fc1dae97517c2d907a69b0e4
172.217.162.131,b523feb4200c10e088bcbef18289ffd33c5c22563bb67e4eb6645daceef3c0d9
200.19.73.11,e0b227ed29fd1867fa7435b4e16cb5d538da67ba08343e9d193030cae316c4fd
200.19.73.48,8a81133828e2d4e4ff8dbcf7ca4697d9d71f18a54f2f71bfd50414178617ce34
200.19.73.47,ff87b65263bee3194c46a780d561177e5c6e7890a316454f1b5f7cb89e8300da
192.16.58.25,b9817f02a9e22b22829893829eb8502b3f9c6bee79e5d21476947fa3083ddeb1
151.101.1.195,80ac68e4e15b7c06aa4c8a648d01c2db85b7c3444bb73cf8f40f0db034a20e24
34.107.221.82,c34465296fe92bbcd30db1fb9f66518ebf292535d86c1cef09c039030dbb3647
